"","year","rgdpe","rgdpo","pop","emp","avh","hc","ccon","cda","cgdpe","cgdpo","cn","ck","ctfp","cwtfp","rgdpna","rconna","rdana","rnna","rkna","rtfpna","rwtfpna","labsh","irr","delta","xr","pl_con","pl_da","pl_gdpo","csh_c","csh_i","csh_g","csh_x","csh_m","csh_r","pl_c","pl_i","pl_g","pl_x","pl_m","pl_n","pl_k"
"1",1950,246168.578125,238238.484375,46.8672299592732,19.6478118896484,2072.71,1.79351770877838,199832.875,249111.140625,243320.9375,235872.28125,992284.3125,NA,NA,NA,396437.28125,327883.84375,436077.1875,1627707.5,NA,NA,NA,0.579223155975342,0.129202827811241,0.0282348673790693,0.322622960779777,0.0681933835148811,0.067480593919754,0.0696115791797638,0.680779159069061,0.208919271826744,0.166428819298744,0.0447712987661362,-0.102028243243694,0.00112969905603677,0.0714265842944406,0.0645900998100214,0.054967931518577,0.102128401398659,0.0618218891322613,0.0407185740768909,NA
"2",1951,265307.9375,259540.96875,47.1786497713385,19.6746253967285,2079.05,1.80532491207123,212501.625,270742.34375,264007.1875,256525.625,1029596,NA,NA,NA,431099.125,347974.75,469498.75,1696151.875,NA,NA,NA,0.579223155975342,0.129423335194588,0.0289186630398035,0.322262054649023,0.0736150145530701,0.0725032836198807,0.0746178403496742,0.652981996536255,0.227036640048027,0.175401642918587,0.0501968301832676,-0.112521097064018,0.00690400879830122,0.0772448139988509,0.0684469381836957,0.0601020753607193,0.112404100596905,0.0716407001018524,0.0454839542508125,NA
"3",1952,273495.96875,267948.25,47.4253990470572,19.8385143280029,2085.42,1.81720972061157,226373.6875,285636.4375,273571.125,267556.53125,1068648.25,NA,NA,NA,449655.15625,368577.4375,493401.28125,1761609.875,NA,NA,NA,0.579223155975342,0.134730085730553,0.0294351819902658,0.322210496630344,0.0772477611899376,0.0755059123039246,0.0772032588720322,0.667779922485352,0.221496194601059,0.178298071026802,0.0450692437589169,-0.112637221813202,-6.230240160221e-06,0.0805849976125943,0.0688523247168737,0.0647488044022362,0.110368721187115,0.0743861570954323,0.0455504022538662,NA
"4",1953,295147.84375,287074.59375,47.7149305450718,20.0496120452881,2091.81,1.82917284965515,238524.09375,305468.53125,295546.5625,288715.90625,1114638.5,NA,NA,NA,477373.78125,386385.65625,526644.1875,1843348.625,NA,NA,NA,0.579223155975342,0.14248614013195,0.0298530161380768,0.322210496630344,0.0790235176682472,0.0771147012710571,0.0789391472935677,0.655188620090485,0.231869548559189,0.170966401696205,0.0491326376795769,-0.110677622258663,0.00352040166035295,0.0826383453938231,0.0703135965660794,0.0651705235206437,0.108635097742081,0.0746812075376511,0.0459634512662888,NA
"5",1954,309733.0625,299421.0625,48.0552033072697,20.3226585388184,2098.21,1.84121477603912,244410.15625,316069,309194.84375,300345.09375,1167833.875,0.0883736908435822,0.599766373634338,0.630908131599426,496921.3125,395491.4375,545455.5,1932837.625,0.0797965154051781,0.684570372104645,0.759116530418396,0.579223155975342,0.145801812410355,0.0302229337394238,0.322210496630344,0.0813615545630455,0.0788627117872238,0.0811864212155342,0.64070063829422,0.238588377833366,0.173063814640045,0.0507016219198704,-0.108559213578701,0.00550485122948885,0.0847088237510067,0.0703397847767592,0.0689696240776272,0.110396958887577,0.072303332388401,0.0462311208248138,0.819879651069641
"6",1955,330669.34375,319442.40625,48.3875170275802,20.3143501281738,2104.64,1.85333597660065,250559.125,334784.78125,329210.9375,319733.8125,1235041.125,0.0909831300377846,0.601916611194611,0.629927933216095,523501.9375,406529.4375,577485.75,2047128.375,0.0849023908376694,0.698871374130249,0.778823256492615,0.579223155975342,0.146129161119461,0.0305278692394495,0.322210496630344,0.0844868570566177,0.0814737975597382,0.0838887393474579,0.616741895675659,0.263424336910248,0.166907265782356,0.0529707446694374,-0.110843785107136,0.0107995448634028,0.0877916423400857,0.0725103619640402,0.0722752956661195,0.112356945872307,0.0746808275580406,0.0479790456593037,0.781859874725342
"7",1956,344046,331720.3125,48.6740653081778,20.3831329345703,2111.08,1.86500906944275,258849.953125,348833.71875,342090.71875,331803.5,1304881.25,0.0926844328641892,0.603914499282837,0.637212097644806,545057,422646.9375,602211.625,2165501,0.0900566279888153,0.704616010189056,0.7864630818367,0.579223155975342,0.148780316114426,0.0307513140141964,0.322210496630344,0.0904868170619011,0.0859142392873764,0.088577926158905,0.612175762653351,0.271195948123932,0.167954474687576,0.0584578588604927,-0.120212540030479,0.0104284454137087,0.0945115124449715,0.0727606186344502,0.0758172471315237,0.113154284656048,0.0772336944937706,0.0490328781306744,0.826429963111877
"8",1957,360579.59375,345593.53125,48.9337456548122,20.4726867675781,2117.55,1.8767557144165,267205.4375,364109.09375,358827.25,345760.25,1376438.5,0.0943282842636108,0.607047021389008,0.643562972545624,565770.0625,437326.03125,627587.5625,2292545.25,0.0953543931245804,0.708357930183411,0.793790280818939,0.579223155975342,0.144393414258957,0.0308124572038651,0.322210496630344,0.0924045741558075,0.0877713486552239,0.0910884067416191,0.607085227966309,0.280262559652329,0.16572031378746,0.0673274472355843,-0.135506302118301,0.0151108037680388,0.0963565161796604,0.0749955389659043,0.0779273722646558,0.114341706037521,0.0768639594316483,0.0508652627468109,0.820746779441834
"9",1958,379893.6875,360977.625,49.2262641656859,20.5441455841064,2124.03,1.88857638835907,280634.34375,379594.46875,378335.71875,363811.09375,1452569.875,0.0956131666898727,0.623864531517029,0.649316191673279,592311.1875,457103.125,654107.375,2421028,0.100702874362469,0.719391465187073,0.802570283412933,0.579223155975342,0.149162515997887,0.0307877324521542,0.322158998216311,0.0945380032062531,0.0894968137145042,0.0930698215961456,0.60435551404953,0.272009611129761,0.167018264532089,0.069699689745903,-0.126384437084198,0.013301414437592,0.0982415856146871,0.0752008085202218,0.0811366095224697,0.107289098203182,0.071414053440094,0.0505664385855198,0.851016342639923
"10",1959,405842.46875,386651.0625,49.5804662000471,20.5735340118408,2130.53,1.90047144889832,294205.875,401623.5625,403133.59375,389410.125,1539107.125,0.0964979529380798,0.638784825801849,0.657394170761108,630935.4375,479794.03125,692790.375,2564967,0.106826767325401,0.742856025695801,0.824024677276611,0.579223155975342,0.14980860054493,0.0308244731277227,0.322210496630344,0.0941635891795158,0.0890989378094673,0.0922389328479767,0.592437267303467,0.275847226381302,0.163079485297203,0.0759807601571083,-0.12339186668396,0.0160470977425575,0.0973297221907897,0.0752273664278768,0.0826616241436812,0.1014049872756,0.0716376230120659,0.0505413748323917,0.810698926448822
"11",1960,433282.15625,422659.53125,49.9442213619385,20.6565742492676,2137.06,1.91244149208069,310521.15625,433627.75,431299.96875,420093.96875,1642009.25,0.0993010103702545,0.661071121692658,0.683004200458527,682835.9375,503241.75,743316.8125,2740727.75,0.11453066021204,0.774726748466492,0.851970970630646,0.579223155975342,0.149935573339462,0.0310224238783121,0.322262054649023,0.0967671722173691,0.0912478864192963,0.0936819165945053,0.580740094184876,0.293045401573181,0.158430635929108,0.0833308100700378,-0.136578246951103,0.0210313368588686,0.0997503512347555,0.0773261581264079,0.085832107701713,0.105366513133049,0.0824153795838356,0.0518436431884766,0.847022116184235
"12",1961,471199.96875,457825.90625,50.2681775189509,20.7880172729492,2120.59,1.92709136009216,332477.28125,470093.5,469186.78125,456279.6875,1758831.875,0.102513588964939,0.691770255565643,0.713971734046936,739581.25,538606.0625,804418.125,2941411,0.123449712991714,0.810111939907074,0.890142679214478,0.579223155975342,0.150954648852348,0.031352873891592,0.322785562253715,0.0988601297140122,0.0931366309523583,0.0957712605595589,0.573812305927277,0.301604986190796,0.154857590794563,0.0856494307518005,-0.138186872005463,0.0222625639289618,0.101452169076347,0.0793088280072981,0.0892555400943488,0.107292227447033,0.0832692161202431,0.0533489920198917,0.871395349502564
"13",1962,499340.78125,483629.15625,50.586561967098,20.7273464202881,2072.13,1.94185364246368,354215.71875,499767.875,495984.84375,486338.53125,1886931.875,0.105317458510399,0.711363017559052,0.732173204421997,784977.625,573347.375,857398.75,3153826.75,0.132680922746658,0.843080699443817,0.93027937412262,0.579223155975342,0.150333285331726,0.0315827652812004,0.322785562253715,0.105242751538754,0.0989869609475136,0.100950315594673,0.576675832271576,0.299281597137451,0.151655733585358,0.0861861407756805,-0.134488165378571,0.0206888411194086,0.10689358967834,0.0837628675043425,0.0989653756089479,0.111322544515133,0.0925954207777977,0.056255828589201,0.876134216785431
"14",1963,525800.5625,506028.4375,50.9398682771458,20.3835792541504,2057.58,1.95672881603241,382099.375,535605.0625,521535.40625,508649.8125,2019788.25,0.107544273138046,0.722361207008362,0.76386034488678,828482.3125,619509.375,921303.125,3375674.25,0.14202456176281,0.872808754444122,0.980521321296692,0.579223155975342,0.149713546037674,0.0315640643239021,0.322785562253715,0.115053340792656,0.107827313244343,0.110558904707432,0.599208652973175,0.301790475845337,0.151994541287422,0.0868949666619301,-0.157235816121101,0.0173471625894308,0.115058919292904,0.0898406272890301,0.115031340082133,0.114177919924259,0.0942657440900803,0.0606417283415794,0.924430727958679
"15",1964,540647.3125,520314.78125,51.3397408651699,20.3127975463867,2051.53,1.97171819210053,395950.8125,536912,535424.875,522876.71875,2131895,0.10465420037508,0.72385710477829,0.749271810054779,851180.4375,642789.0625,929920.625,3560408.25,0.149330154061317,0.877379238605499,0.968345403671265,0.579223155975342,0.142153918743134,0.0312885195016861,0.322785562253715,0.121390677988529,0.114975064992905,0.117734260857105,0.601510167121887,0.269587844610214,0.155744403600693,0.0945793688297272,-0.139356032013893,0.0179342199116945,0.120874370851099,0.0969540293385093,0.123384729996597,0.120442166924477,0.0992409437894821,0.0662179291248322,0.963162064552307
"16",1965,556275.625,535218.0625,51.7246859797828,19.817361831665,1994.67,1.9868221282959,410928.84375,541031.25,551269.125,539048.3125,2223365,0.103576086461544,0.744775116443634,0.749924600124359,879553.1875,664419.0625,940470.125,3717459.75,0.155410394072533,0.915160059928894,0.988550007343292,0.579223155975342,0.145133569836617,0.0308791715651751,0.322785562253715,0.12668251991272,0.120159447193146,0.122883595526218,0.602160096168518,0.241355732083321,0.160162776708603,0.108314640820026,-0.132751822471619,0.0207585506141186,0.125253861490047,0.0995562978506151,0.13205380763248,0.123356029391289,0.10267298668623,0.067391075193882,0.952908217906952
"17",1966,587542.875,565404.25,52.0674485519369,19.4938144683838,2013.07,2.00204181671143,439300.84375,575171.9375,583251,571933.125,2322627,0.102568492293358,0.762073755264282,0.766373038291931,932515.5625,706782.75,998363.6875,3886358,0.162182286381722,0.952814280986786,1.03052747249603,0.579223155975342,0.150425016880035,0.0304968226701021,0.322785562253715,0.129716634750366,0.123054206371307,0.125489309430122,0.607675969600678,0.237564697861671,0.160422250628471,0.113552898168564,-0.140583455562592,0.021367646753788,0.129016527347333,0.101513134328765,0.132368626672811,0.123672626912594,0.106602482497692,0.0680769756436348,0.960327684879303
"18",1967,630640.625,606069.3125,52.4012538809559,19.7364826202393,2037.2,2.01737833023071,470068.28125,623247.8125,627416.0625,615833.125,2444318,0.102690942585468,0.790095388889313,0.798121392726898,998718.5,754019.3125,1076845.375,4090878.5,0.170647993683815,0.98054575920105,1.0680627822876,0.579223155975342,0.154809772968292,0.030208894982934,0.322785562253715,0.13324162364006,0.126006528735161,0.128376513719559,0.604659497737885,0.248735457658768,0.158645153045654,0.11104204505682,-0.142315804958344,0.0192336644977331,0.133385209237707,0.103803913933818,0.132694358490157,0.127248093485832,0.110642492771149,0.0698685795068741,1.01871430873871
"19",1968,671040.375,645292.25,52.7191411262001,19.7263717651367,2030.84,2.03283214569092,496379.875,656916.625,668676.8125,657779.5,2573245.5,0.103002741932869,0.81223475933075,0.806211352348328,1064921.5,793503.1875,1133192.375,4307383.5,0.179539695382118,1.02107155323029,1.09764242172241,0.579223155975342,0.156663492321968,0.0299664456397295,0.322785562253715,0.13523431122303,0.128154158592224,0.130277276039124,0.595826923847199,0.24405862390995,0.158802628517151,0.120290026068687,-0.137373313307762,0.0183950439095497,0.135224044338236,0.106262291774172,0.135272852165328,0.128700986504555,0.113462224602699,0.0714801698923111,1.01790428161621
"20",1969,713977.4375,684389.5625,53.0478757446986,19.5848121643066,2029.74,2.04840421676636,523106.375,703470.1875,711192,698369.25,2727865.5,0.104794971644878,0.840584337711334,0.84150755405426,1129232.75,838599.125,1211226.375,4560455.5,0.190020754933357,1.05726099014282,1.14562559127808,0.579223155975342,0.153149425983429,0.0297299362719059,0.322785562253715,0.140406355261803,0.13301993906498,0.135462298989296,0.593256175518036,0.25826421380043,0.155783653259277,0.125573024153709,-0.151350095868111,0.0184730850160122,0.140304767258843,0.111597235977923,0.140793207178383,0.133748680353165,0.117785431444645,0.0762551352381706,1.0483466386795
"21",1970,812705,775022.1875,53.390236,19.6758079528809,2008.75,2.06409573554993,564781.4375,811133.125,809486.4375,791515.6875,2969152,0.11056112498045,0.919332146644592,0.939560472965241,1271096.25,906085.1875,1383745.625,4955094.5,0.207794591784477,1.14489662647247,1.25910723209381,0.579223155975342,0.151291906833649,0.0297987032681704,0.322785562253715,0.147921606898308,0.140412181615829,0.143600136041641,0.570635914802551,0.311240404844284,0.142908334732056,0.115695178508759,-0.153660923242569,0.0131810586899519,0.147020626150396,0.123196171003228,0.151519270431699,0.144251883029938,0.12282994389534,0.0851121544837952,1.14819705486298
"22",1971,834162.5625,796257.5,53.707795,19.6728343963623,1957.13,2.08577346801758,598917.125,828008.625,831543.125,814575.4375,3173312.75,0.115075550973415,0.931350529193878,0.941109359264374,1294206.125,941897.875,1399793.75,5340196.5,0.225677639245987,1.1374329328537,1.24281096458435,0.600888133049011,0.13409435749054,0.0302182137966156,0.320388834871977,0.15670283138752,0.150279715657234,0.153410047292709,0.58650678396225,0.281240373849869,0.148743823170662,0.120675191283226,-0.148279011249542,0.0111128240823746,0.153327952485384,0.133487700131739,0.170010171224076,0.153720632195473,0.13220351934433,0.0907925516366959,1.02682650089264
"23",1972,873883.375,832016.3125,54.067563,19.6226406097412,1938.58,2.10767889022827,633368.375,866115.0625,870494.0625,851625.4375,3350468.5,0.116454094648361,0.945728719234467,0.953609764575958,1341968.625,977403.875,1447428.75,5726575,0.243811532855034,1.14508092403412,1.24769854545593,0.609200775623322,0.127456560730934,0.0307171363383532,0.301206701544422,0.174581035971642,0.167251691222191,0.170957311987877,0.590320587158203,0.273297011852264,0.153396487236023,0.124327093362808,-0.151415377855301,0.010074189864099,0.170519962890517,0.147306469886742,0.190209368512627,0.175176978111267,0.149532377719879,0.101719491183758,1.0593900680542
"24",1973,924771.875,896030.875,54.450567,19.8837413787842,1922.6,2.1298143863678,677034.5,940490.125,918939.625,913067.375,3543404.75,0.11809341609478,0.969635903835297,0.998348236083984,1437595.5,1028525.1875,1551283.75,6134865.5,0.263710826635361,1.17857110500336,1.28478074073792,0.610125541687012,0.115631729364395,0.0311610102653503,0.301092220264693,0.195588782429695,0.191417440772057,0.192648515105248,0.592662513256073,0.288539052009583,0.148832067847252,0.127921372652054,-0.166168093681335,0.00821309629827738,0.191448259072784,0.180697841307263,0.212076709808956,0.190263360738754,0.183181270956993,0.124550580978394,1.13381111621857
"25",1974,964135.0625,958425.625,54.821113,20.1719627380371,1892.53,2.15218234062195,717092.5625,1011098.375,968173.875,966945.375,3750992.75,0.117616653442383,1.03640496730804,1.08369195461273,1516665.25,1060905.375,1627921.25,6542676,0.283268690109253,1.20225608348846,1.30364489555359,0.603226900100708,0.105540901422501,0.0314852297306061,0.335874301276079,0.206056922674179,0.206615522503853,0.206878021359444,0.59414666891098,0.304056316614151,0.147459432482719,0.147847086191177,-0.201313927769661,0.00780444033443928,0.202993871529301,0.207977959751994,0.218398610241669,0.211609855294228,0.20898962020874,0.144962325692177,1.21635544300079
"26",1975,973942.9375,964604.375,55.166045,20.1881008148193,1877.26,2.17478513717651,740537.625,984458.6875,981678.0625,975904.8125,3941122.25,0.120156720280647,1.05028212070465,1.06919491291046,1484964.5,1071877,1557022.25,6889417,0.298855781555176,1.15084636211395,1.21903109550476,0.625911951065064,0.0867528393864632,0.0315989218652248,0.337168456189478,0.23383954167366,0.23250187933445,0.233877316117287,0.604212641716003,0.249943509697914,0.154608964920044,0.14547698199749,-0.165003672242165,0.010761596262455,0.231693998645084,0.228440760971425,0.2422243375582,0.245295956730843,0.235535815358162,0.171152323484421,1.12632787227631
"27",1976,1052277.25,1050991.75,55.459416,20.4029140472412,1875.2,2.19762563705444,792644,1073810,1056863.25,1061879,4162037,0.123040340840817,1.08333194255829,1.09343326091766,1590774,1119614.125,1656788.375,7223812.5,0.314987301826477,1.19374418258667,1.25599670410156,0.620425760746002,0.0883158519864082,0.031650185585022,0.429865153103476,0.211129516363144,0.213133975863457,0.2121272534132,0.593903303146362,0.264781594276428,0.152550831437111,0.150543421506882,-0.171615123748779,0.00983594544231892,0.210245839670599,0.218784818848322,0.214569777869133,0.2312421053648,0.234827175736427,0.160252213478088,0.980222463607788
"28",1977,1114959.375,1109706.75,55.714555,20.4788055419922,1840.92,2.22070574760437,840906.3125,1113137.125,1120159.125,1120128.875,4427910.5,0.12686476111412,1.10927486419678,1.0904256105423,1631505.625,1154107.75,1666323.75,7560345.5,0.33151713013649,1.20409262180328,1.24236536026001,0.624092876911163,0.0850387737154961,0.0317669399082661,0.455715542424998,0.228052034974098,0.230486214160919,0.230492413043976,0.5958691239357,0.243035301566124,0.154853671789169,0.155104443430901,-0.164875507354736,0.0160129722207785,0.226472947565862,0.238005205967003,0.23412829464666,0.259385526180267,0.257635831832886,0.175508663058281,0.971100747585297
"29",1978,1196804.5,1187837.5,55.938965,20.5631484985352,1831.04,2.24402809143066,888227.8125,1177976,1200082.875,1197937.125,4700425,0.128801792860031,1.13886046409607,1.10890698432922,1684368.625,1188343.125,1714626.375,7889368,0.348158895969391,1.21327137947083,1.24769651889801,0.616312682628632,0.0862250998616219,0.0318282283842564,0.438298033503033,0.261776298284531,0.263136744499207,0.263608068227768,0.586166739463806,0.241872668266296,0.155297726392746,0.15874120593071,-0.161740452051163,0.0196621920913458,0.257771528226428,0.267307162715275,0.276892217931135,0.294761955738068,0.291318774223328,0.205232113599777,1.05908858776093
"30",1979,1297587.75,1293149.125,56.13238,20.816478729248,1824.62,2.26759552955627,965374.6875,1290853.125,1300776.375,1300194.375,4986656,0.132337138056755,1.19210624694824,1.17864036560059,1784743,1257053.875,1821107.375,8243231.5,0.367267847061157,1.24459946155548,1.2829452753067,0.612323820590973,0.0885277315974236,0.0319368578493595,0.429104239938602,0.303127199411392,0.303342372179031,0.303478181362152,0.592125356197357,0.250330626964569,0.150359556078911,0.162884667515755,-0.177843913435936,0.0221437085419893,0.296092227313843,0.303980598781537,0.330831326183403,0.341114968061447,0.337191075086594,0.240588992834091,1.16581320762634
"31",1980,1367838,1376865.25,56.412084,21.1912574768066,1825.64,2.29141068458557,1054556.625,1423921.375,1380840.125,1377468,5219407.5,0.133158564567566,1.23605251312256,1.28643906116486,1845960,1322943.875,1931001.875,8626153,0.389177232980728,1.23653650283813,1.30673038959503,0.605762183666229,0.0853620544075966,0.0321988128125668,0.442318220081609,0.34307923913002,0.346410185098648,0.34725821018219,0.613710701465607,0.268147617578506,0.151865407824516,0.141572266817093,-0.189696773886681,0.0144007597118616,0.334054817105541,0.355920188743597,0.379548251173834,0.398268610239029,0.380706489086151,0.289961636066437,1.31941568851471
"32",1981,1340427,1356760.875,56.64675,21.2429008483887,1828.97,2.31639218330383,1051560.25,1388121.625,1356275.5,1355586.25,5322758,0.134577378630638,1.18758618831635,1.21980559825897,1861544,1349418,1914460.5,8972646,0.408314615488052,1.21251702308655,1.25973618030548,0.60871958732605,0.0759845227003098,0.0324372686445713,0.587090126893243,0.316088765859604,0.318300187587738,0.318462044000626,0.616219520568848,0.248277366161346,0.159504070878029,0.149713799357414,-0.186827749013901,0.0131129529327154,0.305293348506537,0.32520970432358,0.357795204554705,0.370869278907776,0.359571278095245,0.276608109474182,1.01450085639954
"33",1982,1332940.375,1337406.125,56.719175,21.3010883331299,1839.07,2.34164619445801,1043655.4375,1373369.75,1351627.875,1342439.5,5311164.5,0.133877083659172,1.17521643638611,1.19863665103912,1869243.25,1368736.5,1927137.875,9276887,0.42401796579361,1.1858104467392,1.23503959178925,0.60707151889801,0.0749313160777092,0.0325232483446598,0.69851312058653,0.316941350698471,0.316839724779129,0.319008320569992,0.613467693328857,0.24560834467411,0.163964316248894,0.145129531621933,-0.181934371590614,0.0137645229697227,0.308079225333466,0.316517962945895,0.350098747295534,0.376978635787964,0.353057056665421,0.279228836297989,0.98078852891922
"34",1983,1330278,1327445.125,56.766111,21.3517684936523,1843.8,2.36717534065247,1028601.3125,1342208.625,1345728.375,1333424.375,5248396.5,0.132561951875687,1.13652837276459,1.12691950798035,1891098.375,1378553,1924906.875,9560125,0.437423020601273,1.17379486560822,1.20699787139893,0.607840418815613,0.0760758221149445,0.0324465557932854,0.784419700420308,0.331960141658783,0.329971730709076,0.33301654458046,0.603992223739624,0.235189408063889,0.167406126856804,0.148842200636864,-0.175351843237877,0.019921887665987,0.322557034107,0.323449958095704,0.365886055156007,0.366207897663116,0.343711733818054,0.290975302457809,0.912497043609619
"35",1984,1336835.375,1331818.875,56.810353,21.3420295715332,1832.95,2.39298295974731,1030818.3125,1357404.375,1347759.125,1336068.125,5242477,0.128990605473518,1.09049117565155,1.0758775472641,1952102.375,1414771.125,1988655.125,9861980,0.453297555446625,1.19117414951324,1.22588789463043,0.585651457309723,0.0849434807896614,0.0323576368391514,0.907394543804237,0.326913982629776,0.325651377439499,0.328500866889954,0.60486501455307,0.244438201189041,0.166666254401207,0.157365411520004,-0.191141754388809,0.0178069174289703,0.318210648653437,0.321666053087181,0.358500145791984,0.348953485488892,0.330193370580673,0.281782329082489,0.877228081226349
"36",1985,1353751.375,1347036.75,56.855501,21.5481414794922,1826.88,2.4190719127655,1037330.375,1374686.25,1365116.75,1358129.125,5331775,0.12730772793293,1.07312405109406,1.05235493183136,2006723.875,1455238.75,2049428.875,10160453,0.468618422746658,1.19565618038178,1.23358821868896,0.581765294075012,0.0865299850702286,0.0323711857199669,0.986143031015303,0.336043983697891,0.332015544176102,0.333723813295364,0.596983730792999,0.248397544026375,0.166809931397438,0.163909494876862,-0.195577442646027,0.0194767192006111,0.327432808109451,0.319628509612056,0.366861926753925,0.354685306549072,0.342450320720673,0.284711390733719,0.86288332939148
"37",1986,1436757.125,1433808.5,56.875988,21.7032260894775,1839.21,2.44544529914856,1084989,1434160.125,1449564.875,1440438,5533473,0.12929904460907,1.07374310493469,1.03471827507019,2064115.75,1508812.75,2111593.5,10466298,0.484854847192764,1.195063829422,1.23505425453186,0.569937348365784,0.0948190316557884,0.0324753411114216,0.769939109730952,0.453174918889999,0.442774027585983,0.445579588413239,0.588681817054749,0.242406204342842,0.164553672075272,0.1640345454216,-0.177332833409309,0.0176565609872341,0.443371110530007,0.410455147615391,0.488247518946935,0.414058059453964,0.400670289993286,0.373368471860886,1.188361287117
"38",1987,1502693.5,1503126.875,56.891926,21.760440826416,1853.65,2.47210597991943,1131853.125,1511841.5,1514935.25,1503807.25,5828317.5,0.132629528641701,1.07089102268219,1.04508459568024,2130001.5,1567703.5,2199553,10787720,0.502915263175964,1.19931435585022,1.251140832901,0.569367825984955,0.0962852984666824,0.0327269956469536,0.669364293202911,0.549958169460297,0.533100783824921,0.53704571723938,0.585502088069916,0.252684235572815,0.167156279087067,0.17012694478035,-0.188004404306412,0.0125348381698132,0.534879720851475,0.48288859549082,0.602773807605167,0.45576474070549,0.442398637533188,0.440239489078522,1.40636777877808
"39",1988,1579708.75,1571269.125,56.928751,22.0065326690674,1861.24,2.49905776977539,1182755.875,1594339.75,1591566.25,1573001,6226703,0.138919308781624,1.04844272136688,1.04066061973572,2219341.75,1631172.75,2290035.75,11140500,0.523182988166809,1.21032440662384,1.26164889335632,0.564549148082733,0.0991464257240295,0.0331534221768379,0.672234502419601,0.581699252128601,0.561470866203308,0.568097651004791,0.58476722240448,0.261655211448669,0.1671432107687,0.165895119309425,-0.189688593149185,0.0102278040722013,0.561844383362996,0.50334106256258,0.651163616494295,0.49022588133812,0.464584887027741,0.450337946414948,1.41016900539398
"40",1989,1655200.125,1639964.5,56.976755,22.1740818023682,1849.17,2.52630305290222,1227256.875,1668634.125,1664801,1642746.875,6717462.5,0.147973269224167,1.04423177242279,1.04591417312622,2294541.5,1681796.75,2365043.25,11510960,0.543858349323273,1.22215604782105,1.27258992195129,0.565536856651306,0.100344873964787,0.0336465537548065,0.708627068194689,0.586284399032593,0.559085547924042,0.566591322422028,0.584544599056244,0.268682479858398,0.162531465291977,0.172136768698692,-0.198962494730949,0.0110671557486057,0.565451971744241,0.483458640293585,0.661208211912697,0.49686124920845,0.467943519353867,0.428621858358383,1.24801445007324
"41",1990,1731116.75,1719200.625,57.031454,22.5468826293945,1832.68,2.55384540557861,1267889.25,1737997.875,1737922,1711275.5,7275169,0.158824071288109,1.03295207023621,1.03619408607483,2340106,1717462.25,2429407.5,11894321,0.565157353878021,1.21311712265015,1.27229034900665,0.575510978698731,0.0949427708983421,0.0340859517455101,0.618767871560614,0.717585384845734,0.68127715587616,0.691885471343994,0.58891224861145,0.274712443351746,0.15199077129364,0.188058391213417,-0.213345572352409,0.00967164896428585,0.671796797811808,0.583353414128941,0.895000614538738,0.523752808570862,0.493181109428406,0.514015793800354,1.37908685207367
"42",1991,1792648.625,1773159.75,57.075393,22.9706020355225,1823.87,2.5766487121582,1302984.75,1799071,1799003,1777734.625,7881985,0.170197188854218,1.02954602241516,1.0380791425705,2376107.25,1760032.625,2478045.5,12266690,0.585381209850311,1.1978394985199,1.26200330257416,0.582146406173706,0.0918722897768021,0.0344277657568455,0.640723315102403,0.740147888660431,0.694299578666687,0.702606022357941,0.582443714141846,0.279055297374725,0.150502979755402,0.172022864222527,-0.194407016038895,0.0103821437805891,0.693159713095878,0.573877578034542,0.92199136038134,0.553930342197418,0.527809202671051,0.50573855638504,1.29375636577606
"43",1992,1831456.125,1815043.375,57.12499,22.8082695007324,1826.86,2.59761786460876,1330825.875,1840681,1838195.375,1809509.25,8518795,0.179854556918144,0.983073890209198,0.993989765644074,2395930.5,1786941.625,2497104,12614226,0.604620158672333,1.18973791599274,1.25265765190125,0.579520106315613,0.0905751213431358,0.0346804559230804,0.636484495103126,0.77545827627182,0.719856321811676,0.731268167495728,0.583681166172028,0.281764298677444,0.151781141757965,0.194651216268539,-0.218312561511993,0.00643474282696843,0.731697704442699,0.57472393801581,0.943741581357904,0.506502747535706,0.477690041065216,0.504993081092835,1.24871623516083
"44",1993,1810562.5,1808588.875,57.170764,22.1998119354248,1827,2.61875796318054,1303200.75,1759093.875,1814558.875,1800403.25,9074912,0.186928078532219,0.953851103782654,0.919675588607788,2375498,1739271.375,2367608.5,12856146,0.615311563014984,1.18352365493774,1.19165575504303,0.566859781742096,0.0918164625763893,0.0346886105835438,0.812730593701638,0.633614659309387,0.588226914405823,0.592851877212524,0.572777569293976,0.253217190504074,0.151060715317726,0.187476262450218,-0.175710588693619,0.011178863234818,0.599509565190364,0.458483120217021,0.762931135320587,0.499243229627609,0.467257887125015,0.390487283468246,0.934696674346924
"45",1994,1881445.875,1872025.5,57.420138,21.9253311157227,1826.69,2.64006972312927,1317543.875,1811703.625,1873718,1862288.875,9553751,0.18868100643158,0.954224526882172,0.915487885475159,2426595.25,1751668.625,2403222.25,13098709,0.62766969203949,1.20138537883759,1.20198094844818,0.546875178813934,0.098519079387188,0.0345620289444923,0.83275833604473,0.64537525177002,0.588031530380249,0.59164035320282,0.563025772571564,0.265350759029388,0.144460499286652,0.200669676065445,-0.186636433005333,0.0131297269836068,0.613964567874568,0.435139944208926,0.767796547826074,0.508422553539276,0.483354568481445,0.381506741046906,0.92617928981781
"46",1995,1969833.375,1962448.875,57.403344,21.8745021820068,1832.5,2.66155529022217,1333930.25,1881440.75,1952755.375,1938794.75,9923490,0.18939034640789,0.958643913269043,0.919270098209381,2496647.5,1758471.25,2444720.5,13385084,0.643506467342377,1.21602869033813,1.20291364192963,0.527607023715973,0.107710309326649,0.0346358865499496,0.841273767776875,0.66878753900528,0.602946043014526,0.607287645339966,0.55478835105896,0.282397359609604,0.13323201239109,0.216545507311821,-0.198003441095352,0.0110402330756187,0.637985557400079,0.44253287689004,0.797049240256049,0.547831296920776,0.520985245704651,0.381827533245087,0.979078352451325
"47",1996,1997223.375,1996793.625,57.162092,21.9094867706299,1841.44,2.68321537971497,1351812.375,1879217.75,1968232.625,1958712.375,10105364,0.186507135629654,0.945382177829742,0.895724892616272,2530241.75,1777348.5,2462862.5,13675655,0.660175621509552,1.20828938484192,1.18814051151276,0.53076845407486,0.107847936451435,0.0348295494914055,0.796865605864198,0.735769152641296,0.668027400970459,0.671274244785309,0.562319338321686,0.26926127076149,0.127834215760231,0.232684642076492,-0.203860923647881,0.0117614669725299,0.692014513387199,0.494395989709973,0.92823777182492,0.552919805049896,0.520905196666718,0.41509485244751,1.04293382167816
"48",1997,2083450.375,2067600.25,57.189274,21.9851760864258,1835.32,2.70505213737488,1445028.25,1973514.125,2049378,2040032,9940056,0.177112445235252,0.979157269001007,0.935554146766663,2578967,1826734.875,2534087.25,13970152,0.67771452665329,1.21127712726593,1.20236957073212,0.537932813167572,0.105272874236107,0.0350425206124783,0.879576148126723,0.65726512670517,0.60751211643219,0.610295295715332,0.577340960502625,0.259057611227036,0.130995109677315,0.223293647170067,-0.203609392046928,0.012922041118145,0.618921968534947,0.471473484949216,0.826256741946158,0.522472679615021,0.500758767127991,0.400551319122314,0.969997942447662
"49",1998,2204411.25,2169491,57.215194,22.218282699585,1849.67,2.72706627845764,1563890.125,2092866.125,2158189.75,2156101.75,9850290,0.168347090482712,0.996662318706513,0.949790894985199,2625501.5,1883382.125,2614602,14281841,0.697441697120667,1.19969630241394,1.20693337917328,0.530373573303223,0.107183434069157,0.0353519655764103,0.896676281372603,0.624544560909271,0.589736580848694,0.590307712554932,0.58646959066391,0.245339065790176,0.138862639665604,0.229708060622215,-0.210219159722328,0.00983978435397148,0.595374887654931,0.48682869941501,0.747739040672217,0.488618463277817,0.476554095745087,0.413483530282974,1.0392382144928
"50",1999,2253929.5,2223224.75,57.240798,22.4802227020264,1847.12,2.74925971031189,1624070,2172683,2211991.5,2213059.5,9599576,0.158163979649544,1.00177240371704,0.9555624127388,2669557,1929435.375,2691844.75,14613234,0.718519747257233,1.19117403030396,1.21340203285217,0.529751062393189,0.106976330280304,0.0357673056423664,0.938283072395283,0.599022924900055,0.567364156246185,0.567090332508087,0.59600841999054,0.247897982597351,0.137848943471909,0.221055492758751,-0.208629384636879,0.00581849412992597,0.570000005525793,0.473644252199255,0.724507258189096,0.480367332696915,0.476490378379822,0.418384969234467,1.0357438325882
"51",2000,2321469.75,2295241,57.272196,22.9305591583252,1827.7,2.77163362503052,1693508.5,2269054.75,2288452.75,2296283,9567754,0.148499667644501,1.00791323184967,0.956293821334839,2773192,1985369,2785677,14986403,0.742388188838959,1.20727837085724,1.22511506080627,0.51824563741684,0.109977729618549,0.0362360924482346,1.08270508132602,0.528351008892059,0.502374947071075,0.500661849975586,0.594378113746643,0.250642508268356,0.143121808767319,0.233494758605957,-0.228374063968658,0.00673688156530261,0.505442811284737,0.425942065341232,0.623487620264224,0.447619169950485,0.45384207367897,0.384748429059982,1.00271642208099
"52",2001,2387420.25,2358495.5,57.30576,23.3661193847656,1818.17,2.79335689544678,1757971,2333845.25,2363600.25,2365718.75,9376011,0.138120174407959,1.04067158699036,0.98342365026474,2828834,2021066.75,2839454,15359993,0.765209496021271,1.20026051998138,1.21708679199219,0.513546466827393,0.111192546784878,0.0366850085556507,1.11653308564463,0.51626455783844,0.495871245861053,0.495427250862122,0.577972590923309,0.243424654006958,0.16512967646122,0.237497061491013,-0.229787141084671,0.00576319452375174,0.505400460825373,0.433616669008924,0.554290193488473,0.434278637170792,0.434133350849152,0.399891674518585,1.08458411693573
"53",2002,2310471.25,2279656,57.420628,23.7908096313477,1801,2.81525039672852,1697818.875,2280987.75,2298318.75,2295020,9253504,0.133227705955505,1.00667643547058,0.950988411903381,2836470.25,2027534.5,2872499.5,15749380,0.788470983505249,1.17622745037079,1.20334935188293,0.518223702907562,0.106341920793056,0.0370704680681229,1.05755899623965,0.582765877246857,0.557688653469086,0.558490216732025,0.582320511341095,0.25410184264183,0.157463446259499,0.249239966273308,-0.245205104351044,0.00207940395921469,0.561821445054598,0.48467964069382,0.66022118102337,0.444047659635544,0.438915580511093,0.453414559364319,1.1465665102005
"54",2003,2284732.25,2259530.5,57.739699,24.1814804077148,1784.35,2.83731555938721,1684642.75,2264969,2275299.5,2269686,9373395,0.133136510848999,0.97003835439682,0.917162299156189,2838358,2045170.25,2888293,16112080,0.808535516262054,1.15397679805756,1.18628704547882,0.521400332450867,0.10400365293026,0.0373185016214848,0.88404792718493,0.732584357261658,0.695701897144318,0.697422444820404,0.590067565441132,0.255685716867447,0.152168482542038,0.270173877477646,-0.271372348070145,0.00327670504339039,0.696168394583207,0.588634781928726,0.873795370018609,0.487598180770874,0.482197612524033,0.559406995773315,1.31258630752563
"55",2004,2293892.25,2267869.5,58.176738,24.3187160491943,1783.56,2.85955357551575,1662871,2271439,2284857.75,2276071,9727717,0.135179221630096,0.933435559272766,0.877660512924194,2880195.75,2063966.75,2919316.5,16478216,0.82877504825592,1.14937150478363,1.17689645290375,0.520054519176483,0.102602563798428,0.0374326780438423,0.803921647747618,0.847831308841705,0.793401122093201,0.796464085578919,0.588213205337524,0.267376571893692,0.142375186085701,0.299530744552612,-0.303920269012451,0.00642453553155065,0.792258968991975,0.644674271004848,1.0774246577729,0.519249439239502,0.5131955742836,0.626909911632538,1.3753969669342
"56",2005,2294866.25,2324919,58.519693,24.4438152313232,1779.86,2.88196587562561,1684592.875,2325126,2322838.5,2325856,10431371,0.142299771308899,0.913413465023041,0.84534078836441,2902154.75,2086826.375,2942940,16845774,0.849291086196899,1.13820970058441,1.16600871086121,0.524599850177765,0.0974359661340714,0.0375255383551121,0.803800192161442,0.869861423969269,0.802889287471771,0.801847636699677,0.585957527160645,0.275396704673767,0.13833187520504,0.30997222661972,-0.315107941627502,0.00544962985441089,0.805638168966838,0.626753728462193,1.14190346676767,0.517372369766235,0.525313496589661,0.621096611022949,1.21143019199371
"57",2006,2399447,2398355.25,58.754433,24.9287929534912,1781.11,2.90455389022827,1742763.125,2430898.75,2411189.25,2405565.5,11578947,0.151877894997597,0.893255650997162,0.842232346534729,2954378.5,2104150.5,2995302.25,17223592,0.870467483997345,1.12840557098389,1.15573537349701,0.528624534606934,0.0948258340358734,0.0376374050974846,0.796432730949102,0.881721198558807,0.81228119134903,0.814180135726929,0.579218924045563,0.28605979681015,0.145252346992493,0.323610186576843,-0.339242160320282,0.00510086072608829,0.828024775541248,0.636418324297763,1.09584505477398,0.535669147968292,0.542846083641052,0.594192028045654,1.11537134647369
"58",2007,2536420,2541543,59.10872,25.2422790527344,1786.21,2.92731904983521,1812914.125,2547744.75,2539164,2537264.5,12565453,0.159840196371079,0.897695302963257,0.849759578704834,2997580,2123990.75,3033298.75,17600664,0.891801297664642,1.11813652515411,1.14303064346313,0.526659727096558,0.0935386866331101,0.0377790816128254,0.729672399984083,0.952774465084076,0.875297665596008,0.875952899456024,0.567342698574066,0.289615303277969,0.147172555327415,0.339003533124924,-0.345154017210007,0.00201989547349513,0.90494006569344,0.684152997770526,1.13717372813105,0.581299602985382,0.58464378118515,0.63111025094986,1.14547276496887
"59",2008,2593171.5,2595647.75,59.561684,25.296667098999,1775.38,2.95026254653931,1901296.375,2630112.75,2611084.75,2561956.5,13703698,0.169545203447342,0.87980329990387,0.857678651809692,2966910.75,2114162.25,2995077.75,17925170,0.909085869789124,1.09447944164276,1.11616885662079,0.53032511472702,0.088062085211277,0.0378613397479057,0.679922680042729,1.00054693222046,0.925863564014435,0.94361811876297,0.582076251506805,0.284476429224014,0.160050436854363,0.328396290540695,-0.355571448802948,0.000572014600038528,0.956753877211443,0.731033707172574,1.15981503905553,0.64421272277832,0.615834772586823,0.652578294277191,1.13780117034912
"60",2009,2540356.5,2504810.5,59.90401,24.8708839416504,1742.56,2.97338581085205,1897376.25,2558878,2543941.25,2496090.5,15243045,0.186690449714661,0.844441473484039,0.839716255664825,2809511.5,2092641.5,2869200.5,18134734,0.917656481266022,1.04746532440186,1.08065831661224,0.54403030872345,0.0769935920834541,0.0377271436154842,0.716957702016136,0.941898822784424,0.868528127670288,0.885177910327911,0.590690076351166,0.265015125274658,0.169449165463448,0.26779979467392,-0.291155874729157,-0.00179822160862386,0.900086920537997,0.658079796000284,1.08765278643284,0.607372939586639,0.57103431224823,0.574258267879486,0.908675372600555
"61",2010,2551757.25,2517896.25,60.164213,24.725757598877,1743.24,2.99669027328491,1958125.5,2603933.5,2557268.25,2493552.5,14392471,0.181403562426567,0.83526211977005,0.840112090110779,2852472,2105984.5,2917557.75,18345828,0.928188264369965,1.05659663677216,1.091756939888,0.540379881858826,0.077168881893158,0.0375201217830181,0.754308990105961,0.8875812292099,0.838760793209076,0.860192954540253,0.612188935279846,0.258991092443466,0.173086479306221,0.291124641895294,-0.335791647434235,0.000400473334593698,0.847845035612965,0.690734498933982,1.02812407576372,0.615757942199707,0.581621646881104,0.596037864685059,0.87128096818924
"62",2011,2636741,2623470.25,60.36788,24.7840538024902,1739.03,3.01423954963684,2015290.125,2685350,2649679,2582043.5,16139436,0.19915945827961,0.816105008125305,0.814392983913422,2872309.75,2096951.5,2903532.5,18537780,0.937608957290649,1.05570876598358,1.07809782028198,0.536399364471436,0.0766108930110931,0.0373934023082256,0.718413898653317,0.923445224761963,0.870661675930023,0.893468320369721,0.613500714302063,0.25950762629509,0.167001292109489,0.31159508228302,-0.353747189044952,0.00214244425296783,0.884364505332356,0.711908498815928,1.0670133323203,0.650051176548004,0.612005412578583,0.582542240619659,0.840011715888977
"63",2012,2570598,2562609,60.531515,24.7213363647461,1700.63,3.03189158439636,1940740.375,2551321.5,2579330,2519415.25,17104618,0.200978204607964,0.795877695083618,0.775233387947083,2782543.25,2027636.625,2734966.25,18640962,0.94109171628952,1.03151965141296,1.02425062656403,0.544031858444214,0.0712500065565109,0.0371873863041401,0.778338120416812,0.875003516674042,0.813362181186676,0.832704901695252,0.605502724647522,0.24235038459301,0.164811104536057,0.315040588378906,-0.332366973161697,0.0046621966175735,0.839009658566835,0.617434411487585,1.00724201644445,0.632466435432434,0.583970963954926,0.517567276954651,0.715641617774963
"64",2013,2491514,2481046.25,60.653868,24.2708969116211,1687.48,3.04964733123779,1859866.375,2426437.25,2484085.5,2431472.5,18357588,0.204441279172897,0.759085476398468,0.733852088451386,2731956,1987636.125,2662818.25,18689928,0.941281974315643,1.02386212348938,1.00815653800964,0.538000285625458,0.0720016732811928,0.0368709079921246,0.752945122701996,0.933977425098419,0.866808116436005,0.885564506053925,0.598879456520081,0.233015522360802,0.166034147143364,0.32539227604866,-0.328416168689728,0.00509471166878939,0.897993273650781,0.646313414730535,1.06377098034045,0.65471625328064,0.599848568439484,0.50024151802063,0.698323786258698
"65",2014,2467945.5,2476002.25,60.664171,24.2727642059326,1685.58,3.06750679016113,1824096.625,2391602.25,2460250,2415106.75,17747174,0.193098142743111,0.760480761528015,0.727501749992371,2731918,1989005.5,2668743.5,18728318,0.942577064037323,1.02057027816772,1.00716543197632,0.534724891185761,0.073613777756691,0.0366138108074665,0.752728196932603,0.954716920852661,0.883347392082214,0.899859011173248,0.589352905750275,0.234981551766396,0.165933191776276,0.328707456588745,-0.321110159158707,0.00213502114638686,0.923871432797489,0.653949117084446,1.06427221222138,0.665101706981659,0.608627557754517,0.518993735313416,0.722325384616852
"66",2015,2531386,2486019.25,60.575316,24.4325141906738,1688.08,3.08547067642212,1852594.75,2439391.5,2511019,2453912.75,18234838,0.19344936311245,0.753653764724731,0.722780764102936,2756113.75,2016121.375,2706628.75,18784350,0.946346700191498,1.02009105682373,1.01202011108398,0.536308705806732,0.0742088556289673,0.0365262366831303,0.901296423367096,0.79557192325592,0.734931886196137,0.752034902572632,0.590258002281189,0.239126950502396,0.164697453379631,0.30690136551857,-0.304552227258682,0.00356848118826747,0.77328458463037,0.543483465291321,0.875447263049531,0.606803119182587,0.549857437610626,0.424647897481918,0.590990841388702
"67",2016,2668154.75,2619778.25,60.478107,24.789379119873,1692.14,3.10353994369507,1917005.5,2556709.25,2640283.5,2596094.75,19393668,0.201343923807144,0.760622560977936,0.724222242832184,2790185.5,2034158.125,2750800.75,18867664,0.952797830104828,1.017045378685,1.01294302940369,0.527499735355377,0.0783410221338272,0.0366134569048882,0.903421436257263,0.778889238834381,0.714738130569458,0.726903796195984,0.577612578868866,0.246409982442856,0.160806342959404,0.297247409820557,-0.284586369991303,0.00251002400182188,0.754884217238844,0.52249594013897,0.865114663151715,0.598261713981628,0.550438225269318,0.401377439498901,0.573223948478699
"68",2017,2720887.25,2697447.25,60.390318,25.0916213989258,1690.7,3.12171483039856,1956236.25,2629097.5,2701963.25,2663735.5,19049328,0.198552399873734,0.76662665605545,0.728674590587616,2834931.5,2054348.625,2794749.75,18969476,0.960947930812836,1.01994824409485,1.01577413082123,0.530141055583954,0.0785825699567795,0.0368385687470436,0.885205508269372,0.79719740152359,0.72936624288559,0.73983359336853,0.574467897415161,0.252600610256195,0.159927919507027,0.304215788841248,-0.290856420993805,-0.00035579819814302,0.774467069311448,0.532158186986527,0.878845732125564,0.626185894012451,0.585446178913117,0.422806352376938,0.581849873065949
"69",2018,2726414.5,2698521.25,60.277499,25.3518619537354,1690.24,3.13999652862549,1952889,2646202.25,2709940.5,2671320.75,18893060,0.194023281335831,0.760494709014893,0.725168943405151,2858366.5,2062214.25,2823374,19090278,0.970523357391357,1.01500141620636,1.01282835006714,0.534897446632385,0.0776273906230927,0.0371374934911728,0.846772667108111,0.84914356470108,0.774716317653656,0.7859166264534,0.574275553226471,0.2595394551754,0.156781882047653,0.316485613584518,-0.30853682756424,0.00145431817509234,0.822520256049286,0.565073561422717,0.946661986933076,0.650442957878113,0.610993027687073,0.452489256858826,0.595063209533691
"70",2019,2854516,2823307.5,60.130136,25.50856590271,1680.49,3.15838503837585,2058397.375,2744361.75,2835247.25,2799146,18839938,0.189207941293716,0.79116553068161,0.746420562267304,2870633.5,2059777.75,2815600,19215658,0.979902505874634,1.01144313812256,1.00219750404358,0.537166178226471,0.0771398693323135,0.0374372489750385,0.893276257067409,0.769522905349731,0.712321221828461,0.721508204936981,0.579896628856659,0.245062008500099,0.155469596385956,0.309969276189804,-0.293179094791412,0.00278155924752355,0.743321604647216,0.540674223592082,0.867252870670293,0.613939344882965,0.577056467533112,0.435366898775101,0.561912834644318
"71",2020,2632202.25,2583660,59.912769,25.0176239013672,1513.93,3.17688131332397,1909414.625,2527090.5,2619078.5,2574953.5,19010734,0.182096913456917,0.774290323257446,0.728985369205475,2616059.5,1895790.5,2580843.25,19275626,0.982453048229218,0.980948805809021,0.977640092372894,0.538550138473511,0.0681667178869247,0.0375164113938808,0.875506396987998,0.78509509563446,0.728302359580994,0.740782737731934,0.567194700241089,0.239878475666046,0.174338921904564,0.289538621902466,-0.274363934993744,0.00341322808526456,0.755640454334542,0.552739816710655,0.880922808310383,0.626327216625214,0.575354099273682,0.441976577043533,0.573993682861328
"72",2021,2879634.5,2849701.25,59.72935,25.3115863800049,1653.03,3.20566248893738,1988678.75,2820854.5,2879634.5,2849701.25,19507172,0.183041006326675,0.775391042232513,0.725737392902374,2849701.25,1988678.75,2820854.5,19507172,1,1,1,0.530930161476135,0.0754395052790642,0.0377326086163521,0.84549413889045,0.832348823547363,0.756765365600586,0.764714479446411,0.535351276397705,0.292022079229355,0.162503927946091,0.314367085695267,-0.305207282304764,0.000962984573561698,0.804495155948861,0.576141001610628,0.924109778813763,0.64619767665863,0.616859674453735,0.466951459646225,0.580666244029999
"73",2022,2941964.75,2977718.75,59.619115,25.8017635345459,1691.25,3.23505067825317,2070302.875,3012519.25,2958696.25,2989869.5,19917532,0.186469420790672,0.787011504173279,0.743126332759857,2982547.75,2065671.625,2978772,19798390,1.02232313156128,1.00825369358063,1.01727497577667,0.518774628639221,0.0790380164980888,0.0383988618850708,0.949623753156941,0.782797634601593,0.710784673690796,0.703373849391937,0.536661446094513,0.315136313438416,0.155777752399445,0.351375252008438,-0.353658080101013,-0.00529268104583025,0.763874307068425,0.552552887402871,0.847989290435217,0.599068641662598,0.620855569839478,0.437479823827744,0.492393761873245
"74",2023,3032539.75,3004023,59.499453,26.2558193206787,1701.42,3.26506185531616,2089784.875,2986828.75,3023698.5,3000232.25,20274386,0.188093975186348,0.756977319717407,0.71515280008316,3003354.75,2090903.5,2987225.25,20148316,1.04687976837158,0.986916899681091,0.991654932498932,0.511646032333374,0.0841822028160095,0.0391637906432152,0.924839558470698,0.837074637413025,0.760969161987305,0.766921043395996,0.539031386375427,0.298991441726685,0.1575096398592,0.333993971347809,-0.329036474227905,-0.000489955011289567,0.825854363149085,0.583671049299601,0.875472832849944,0.660037875175476,0.640419542789459,0.45436704158783,0.499208331108093
